"model_id","engine","convergence","parameter_valid","aic","bic","residual_ljung_box_p","squared_residual_ljung_box_p","pit_ks_p","diagnostics_passed","rejection_reason","runtime_seconds","rank","selected","asset"
"arma00_sgarch11_norm","rugarch",TRUE,TRUE,-4.92023454396702,-4.90178628562237,0.0159776981432044,0.419004008685545,0.00539796905867043,FALSE,"pit_nonuniform",0.95,,FALSE,"^FTSE"
"arma00_sgarch11_std","rugarch",TRUE,TRUE,-5.03643630306716,-5.01337598013636,0.0170853923459245,0.142069440078679,0.513499283600637,TRUE,"",0.16,7,FALSE,"^FTSE"
"arma00_sgarch11_sstd","rugarch",TRUE,TRUE,-5.05230189317823,-5.02462950566127,0.0210016250661175,0.175484662786375,0.559990745683303,TRUE,"",0.2,4,FALSE,"^FTSE"
"arma00_sgarch11_ged","rugarch",TRUE,TRUE,-5.0089411872306,-4.9858808642998,0.0148054323386385,0.295096512353353,0.12946068671958,TRUE,"",0.35,10,FALSE,"^FTSE"
"arma00_egarch11_norm","rugarch",TRUE,TRUE,-5.00284171916046,-4.97978139622966,0.0115012710882064,0.764866508556748,0.00365171437276743,FALSE,"pit_nonuniform",0.2,,FALSE,"^FTSE"
"arma00_egarch11_std","rugarch",TRUE,TRUE,-5.07756630859018,-5.04989392107322,0.00794487352274109,0.647726736580782,0.0632205795455071,FALSE,"residual_autocorrelation",0.34,,FALSE,"^FTSE"
"arma00_egarch11_sstd","rugarch",TRUE,TRUE,-5.10506304964196,-5.07277859753884,0.0136187871771253,0.697420115069024,0.931413887715052,TRUE,"",0.5,2,FALSE,"^FTSE"
"arma00_egarch11_ged","rugarch",TRUE,TRUE,-5.05446368970178,-5.02679130218481,0.00692341978500888,0.724269562019283,0.0549803381066838,FALSE,"residual_autocorrelation",0.58,,FALSE,"^FTSE"
"arma00_sgarch12_norm","rugarch",TRUE,TRUE,-4.91789578263199,-4.89483545970119,0.0161008643008791,0.418585409837126,0.00535899017152242,FALSE,"pit_nonuniform",0.13,,FALSE,"^FTSE"
"arma00_sgarch12_std","rugarch",TRUE,TRUE,-5.03427397777691,-5.00660159025995,0.0171730434775186,0.137498008704515,0.515754459890417,TRUE,"",0.23,8,FALSE,"^FTSE"
"arma00_sgarch12_sstd","rugarch",TRUE,TRUE,-5.05014655066169,-5.01786209855856,0.0211437497296783,0.169666463741173,0.567633578263751,TRUE,"",0.28,5,FALSE,"^FTSE"
"arma00_sgarch12_ged","rugarch",TRUE,TRUE,-5.00678043090158,-4.97910804338462,0.0149062084624069,0.294569208841403,0.131090600560424,TRUE,"",0.36,12,FALSE,"^FTSE"
"arma00_egarch12_norm","rugarch",TRUE,TRUE,-5.00211698661245,-4.97444459909549,0.0113973934002095,0.673088350741655,0.00302846602123877,FALSE,"pit_nonuniform",0.17,,FALSE,"^FTSE"
"arma00_egarch12_std","rugarch",TRUE,TRUE,-5.07736934351428,-5.04508489141116,0.00809633443413094,0.357468662990017,0.0811787397802717,FALSE,"residual_autocorrelation",0.31,,FALSE,"^FTSE"
"arma00_egarch12_sstd","rugarch",TRUE,TRUE,-5.10485790978641,-5.06796139309713,0.0138624040829366,0.432535221050594,0.968714866453146,TRUE,"",0.63,3,FALSE,"^FTSE"
"arma00_egarch12_ged","rugarch",TRUE,TRUE,-5.05377717161683,-5.02149271951371,0.00691658643469151,0.565326174218093,0.0722797946377642,FALSE,"residual_autocorrelation",0.77,,FALSE,"^FTSE"
"arma00_sgarch21_norm","rugarch",TRUE,TRUE,-4.91980480376551,-4.89674448083471,0.0168572979431776,0.551787976141368,0.0141370753624809,TRUE,"",0.14,13,FALSE,"^FTSE"
"arma00_sgarch21_std","rugarch",TRUE,TRUE,-5.03426683629128,-5.00659444877432,0.017181403161824,0.141690595264424,0.51108032830041,TRUE,"",0.17,9,FALSE,"^FTSE"
"arma00_sgarch21_sstd","rugarch",TRUE,TRUE,-5.05013266275361,-5.01784821065049,0.0211733502951983,0.175962526873365,0.572535814181057,TRUE,"",0.199999999999999,6,FALSE,"^FTSE"
"arma00_sgarch21_ged","rugarch",TRUE,TRUE,-5.00688951861471,-4.97921713109775,0.0150054099200015,0.346795006274353,0.150625635771285,TRUE,"",0.33,11,FALSE,"^FTSE"
"arma00_egarch21_norm","rugarch",TRUE,TRUE,-5.01486736420454,-4.98258291210141,0.0136424243072903,0.236082942414186,0.000908432961857106,FALSE,"pit_nonuniform",0.260000000000002,,FALSE,"^FTSE"
"arma00_egarch21_std","rugarch",TRUE,TRUE,-5.08646681644207,-5.04957029975279,0.00767747719356493,0.0161015938940432,0.0646217547042674,FALSE,"residual_autocorrelation",0.35,,FALSE,"^FTSE"
"arma00_egarch21_sstd","rugarch",TRUE,TRUE,-5.11640032806647,-5.07489174679103,0.01282638449394,0.043435759379612,0.950970025449397,TRUE,"",0.809999999999999,1,TRUE,"^FTSE"
"arma00_egarch21_ged","rugarch",TRUE,TRUE,-5.0623899662042,-5.02549344951492,0.00728614505692027,0.073237510230713,0.0544420500484131,FALSE,"residual_autocorrelation",0.91,,FALSE,"^FTSE"
"arma01_sgarch11_norm","rugarch",TRUE,TRUE,-4.91841983906801,-4.89535951613721,0.00983683715422923,0.427377997611712,0.00481353450701308,FALSE,"residual_autocorrelation;pit_nonuniform",0.110000000000001,,FALSE,"^FTSE"
"arma01_sgarch11_std","rugarch",TRUE,TRUE,-5.03943235465028,-5.01175996713332,0.00417208751898124,0.1440815395593,0.447481254848517,FALSE,"residual_autocorrelation",0.149999999999999,,FALSE,"^FTSE"
"arma01_sgarch11_sstd","rugarch",TRUE,TRUE,-5.06259562107003,-5.03031116896691,0.00050697378600062,0.172069797496652,0.923487124966109,FALSE,"residual_autocorrelation",0.24,,FALSE,"^FTSE"
"arma01_sgarch11_ged","rugarch",TRUE,TRUE,-5.01134130122162,-4.98366891370466,0.00402945069835015,0.343887506588311,0.110944315349159,FALSE,"residual_autocorrelation",0.42,,FALSE,"^FTSE"
"arma01_egarch11_norm","rugarch",TRUE,TRUE,-5.0013599936118,-4.97368760609483,0.00850407222374061,0.791649788684175,0.0021683714859533,FALSE,"residual_autocorrelation;pit_nonuniform",0.200000000000001,,FALSE,"^FTSE"
"arma01_egarch11_std","rugarch",TRUE,TRUE,-5.07832005399016,-5.04603560188704,0.0045868113258174,0.697520238188154,0.117014630470156,FALSE,"residual_autocorrelation",0.279999999999999,,FALSE,"^FTSE"
"arma01_egarch11_sstd","rugarch",TRUE,TRUE,-5.1087814542819,-5.07188493759262,0.00421921428364602,0.710061033800807,0.963360946975651,FALSE,"residual_autocorrelation",0.57,,FALSE,"^FTSE"
"arma01_egarch11_ged","rugarch",TRUE,TRUE,-5.05492749941283,-5.02264304730971,0.00447165156147877,0.787962502088506,0.0792491933305627,FALSE,"residual_autocorrelation",0.640000000000001,,FALSE,"^FTSE"
"arma01_sgarch12_norm","rugarch",TRUE,TRUE,-4.91608394624592,-4.88841155872896,0.00993742230283146,0.427400988066499,0.00478050143406842,FALSE,"residual_autocorrelation;pit_nonuniform",0.17,,FALSE,"^FTSE"
"arma01_sgarch12_std","rugarch",TRUE,TRUE,-5.03728830162395,-5.00500384952083,0.00419381139064612,0.143919544875255,0.446915679344489,FALSE,"residual_autocorrelation",0.229999999999999,,FALSE,"^FTSE"
"arma01_sgarch12_sstd","rugarch",TRUE,TRUE,-5.06047757873469,-5.02358106204541,0.000508167789913361,0.17320374762085,0.923755349531981,FALSE,"residual_autocorrelation",0.33,,FALSE,"^FTSE"
"arma01_sgarch12_ged","rugarch",TRUE,TRUE,-5.00920722600411,-4.97692277390098,0.00406028144845894,0.343712399526712,0.110661980174031,FALSE,"residual_autocorrelation",0.41,,FALSE,"^FTSE"
"arma01_egarch12_norm","rugarch",TRUE,TRUE,-5.00084754849288,-4.96856309638975,0.00839206987995589,0.703766892455304,0.00258686747278369,FALSE,"residual_autocorrelation;pit_nonuniform",0.26,,FALSE,"^FTSE"
"arma01_egarch12_std","rugarch",TRUE,TRUE,-5.07844581356438,-5.0415492968751,0.00409559676684113,0.345143675790212,0.138554135247023,FALSE,"residual_autocorrelation",0.440000000000001,,FALSE,"^FTSE"
"arma01_egarch12_sstd","rugarch",TRUE,TRUE,-5.108388967491,-5.06688038621556,0.00395628408237492,0.399531704289027,0.969543277479144,FALSE,"residual_autocorrelation",0.780000000000001,,FALSE,"^FTSE"
"arma01_egarch12_ged","rugarch",TRUE,TRUE,-5.0545528958022,-5.01765637911292,0.00401640571031281,0.612931547346515,0.12762989574896,FALSE,"residual_autocorrelation",0.859999999999999,,FALSE,"^FTSE"
"arma01_sgarch21_norm","rugarch",TRUE,TRUE,-4.91796598786567,-4.89029360034871,0.0103713202974359,0.556518024715964,0.0111328733480097,TRUE,"",0.140000000000001,14,FALSE,"^FTSE"
"arma01_sgarch21_std","rugarch",TRUE,TRUE,-5.03734468995995,-5.00506023785683,0.00419135631242784,0.170284881191536,0.446023630096405,FALSE,"residual_autocorrelation",0.169999999999998,,FALSE,"^FTSE"
"arma01_sgarch21_sstd","rugarch",TRUE,TRUE,-5.06102604738014,-5.02412953069086,0.000371898849815921,0.263219463368047,0.904243407670923,FALSE,"residual_autocorrelation",0.27,,FALSE,"^FTSE"
"arma01_sgarch21_ged","rugarch",TRUE,TRUE,-5.00935213026404,-4.97706767816092,0.00428094735531603,0.411181239659003,0.0911196306124915,FALSE,"residual_autocorrelation",0.510000000000002,,FALSE,"^FTSE"
"arma01_egarch21_norm","rugarch",TRUE,TRUE,-5.01716157570457,-4.98026505901529,0.00463599250585689,0.288560937276372,0.00162552243699206,FALSE,"residual_autocorrelation;pit_nonuniform",0.25,,FALSE,"^FTSE"
"arma01_egarch21_std","rugarch",TRUE,TRUE,-5.09063775107394,-5.0491291697985,0.00202917207926823,0.0182581314299802,0.183200041407973,FALSE,"residual_autocorrelation",0.489999999999998,,FALSE,"^FTSE"
"arma01_egarch21_sstd","rugarch",TRUE,TRUE,-5.12024302983288,-5.07412238397128,0.00346847667873151,0.0731082042265401,0.998841248781686,FALSE,"residual_autocorrelation",0.720000000000002,,FALSE,"^FTSE"
"arma01_egarch21_ged","rugarch",TRUE,TRUE,-5.06655328027241,-5.02504469899697,0.00196860750121186,0.0748131268217532,0.123672319193992,FALSE,"residual_autocorrelation",0.869999999999997,,FALSE,"^FTSE"
"arma10_sgarch11_norm","rugarch",TRUE,TRUE,-4.91841941686398,-4.89535909393317,0.0098364887852106,0.427443683081562,0.00482046131109772,FALSE,"residual_autocorrelation;pit_nonuniform",0.130000000000003,,FALSE,"^FTSE"
"arma10_sgarch11_std","rugarch",TRUE,TRUE,-5.03913346568048,-5.01146107816352,0.00513945397349125,0.145607577843511,0.434265685248254,FALSE,"residual_autocorrelation",0.189999999999998,,FALSE,"^FTSE"
"arma10_sgarch11_sstd","rugarch",TRUE,TRUE,-5.06078974006281,-5.02850528795968,0.00166562550114357,0.180211032363845,0.935481273765946,FALSE,"residual_autocorrelation",0.32,,FALSE,"^FTSE"
"arma10_sgarch11_ged","rugarch",TRUE,TRUE,-5.01119864772798,-4.98352626021102,0.00459394014592296,0.344209880444284,0.111884719415785,FALSE,"residual_autocorrelation",0.460000000000001,,FALSE,"^FTSE"
"arma10_egarch11_norm","rugarch",TRUE,TRUE,-5.0014009302492,-4.97372854273224,0.00876782709013713,0.796257803136341,0.00210173990704962,FALSE,"residual_autocorrelation;pit_nonuniform",0.199999999999999,,FALSE,"^FTSE"
"arma10_egarch11_std","rugarch",TRUE,TRUE,-5.07838261519128,-5.04609816308816,0.0046128874791953,0.703644070758745,0.108367828251102,FALSE,"residual_autocorrelation",0.27,,FALSE,"^FTSE"
"arma10_egarch11_sstd","rugarch",TRUE,TRUE,-5.10867744778497,-5.07178093109569,0.0046824980223602,0.7251994893988,0.964096160499704,FALSE,"residual_autocorrelation",0.59,,FALSE,"^FTSE"
"arma10_egarch11_ged","rugarch",TRUE,TRUE,-5.0550596563325,-5.02277520422938,0.00437907060358889,0.792233035996707,0.0843840588108455,FALSE,"residual_autocorrelation",0.760000000000002,,FALSE,"^FTSE"
"arma10_sgarch12_norm","rugarch",TRUE,TRUE,-4.91608348461314,-4.88841109709618,0.00993863689512975,0.427300024572497,0.00475989581270621,FALSE,"residual_autocorrelation;pit_nonuniform",0.189999999999998,,FALSE,"^FTSE"
"arma10_sgarch12_std","rugarch",TRUE,TRUE,-5.03698815029153,-5.00470369818841,0.00516663405952555,0.145777327446974,0.430759400759404,FALSE,"residual_autocorrelation",0.270000000000003,,FALSE,"^FTSE"
"arma10_sgarch12_sstd","rugarch",TRUE,TRUE,-5.05866487005593,-5.02176835336664,0.00167463164425263,0.18153766433286,0.937136905623314,FALSE,"residual_autocorrelation",0.369999999999997,,FALSE,"^FTSE"
"arma10_sgarch12_ged","rugarch",TRUE,TRUE,-5.00906372003645,-4.97677926793333,0.00463385462566479,0.344088875364534,0.11133059603799,FALSE,"residual_autocorrelation",0.5,,FALSE,"^FTSE"
"arma10_egarch12_norm","rugarch",TRUE,TRUE,-5.00092655106234,-4.96864209895922,0.00843335397114764,0.706795740592975,0.00249532634835457,FALSE,"residual_autocorrelation;pit_nonuniform",0.350000000000001,,FALSE,"^FTSE"
"arma10_egarch12_std","rugarch",TRUE,TRUE,-5.07852399393108,-5.0416274772418,0.00411124474002211,0.351017780577667,0.144325778103854,FALSE,"residual_autocorrelation",0.620000000000001,,FALSE,"^FTSE"
"arma10_egarch12_sstd","rugarch",TRUE,TRUE,-5.10826745564021,-5.06675887436477,0.00444515949984392,0.427290653655342,0.978157032419431,FALSE,"residual_autocorrelation",0.829999999999998,,FALSE,"^FTSE"
"arma10_egarch12_ged","rugarch",TRUE,TRUE,-5.05471497610316,-5.01781845941388,0.00389245042312258,0.617737434687696,0.133651299056957,FALSE,"residual_autocorrelation",1.02,,FALSE,"^FTSE"
"arma10_sgarch21_norm","rugarch",TRUE,TRUE,-4.91796577248127,-4.89029338496431,0.0103654831531681,0.556343234002825,0.0111219178502206,TRUE,"",0.140000000000001,15,FALSE,"^FTSE"
"arma10_sgarch21_std","rugarch",TRUE,TRUE,-5.03703263267571,-5.00474818057259,0.00517004804971488,0.16964129554666,0.444059174763999,FALSE,"residual_autocorrelation",0.210000000000001,,FALSE,"^FTSE"
"arma10_sgarch21_sstd","rugarch",TRUE,TRUE,-5.05901641833483,-5.02211990164555,0.00143926877878864,0.255127989403546,0.92321753723119,FALSE,"residual_autocorrelation",0.399999999999999,,FALSE,"^FTSE"
"arma10_sgarch21_ged","rugarch",TRUE,TRUE,-5.00919957476301,-4.97691512265989,0.00481885000131865,0.409380216212852,0.108073864837281,FALSE,"residual_autocorrelation",0.510000000000002,,FALSE,"^FTSE"
"arma10_egarch21_norm","rugarch",TRUE,TRUE,-5.01730540033726,-4.98040888364798,0.00499179978712938,0.29117296810382,0.00159526714431734,FALSE,"residual_autocorrelation;pit_nonuniform",0.419999999999998,,FALSE,"^FTSE"
"arma10_egarch21_std","rugarch",TRUE,TRUE,-5.09066866682617,-5.04916008555073,0.00218596643526114,0.0205740298862194,0.210707154605296,FALSE,"residual_autocorrelation",0.52,,FALSE,"^FTSE"
"arma10_egarch21_sstd","rugarch",TRUE,TRUE,-5.11999441528704,-5.07387376942544,0.00415258138417662,0.0785046854437218,0.998783236989112,FALSE,"residual_autocorrelation",0.890000000000001,,FALSE,"^FTSE"
"arma10_egarch21_ged","rugarch",TRUE,TRUE,-5.06670871819501,-5.02520013691957,0.00200529726877519,0.0799652561445038,0.138194940524538,FALSE,"residual_autocorrelation",1.05,,FALSE,"^FTSE"
"arma11_sgarch11_norm","rugarch",TRUE,TRUE,-4.91799631768287,-4.89032393016591,0.00984240210267562,0.455854944289565,0.00575281831918509,FALSE,"residual_autocorrelation;pit_nonuniform",0.109999999999999,,FALSE,"^FTSE"
"arma11_sgarch11_std","rugarch",TRUE,TRUE,-5.0370624678622,-5.00477801575908,0.00939109433877006,0.144482994187789,0.536613087992533,FALSE,"residual_autocorrelation",0.230000000000004,,FALSE,"^FTSE"
"arma11_sgarch11_sstd","rugarch",TRUE,TRUE,-5.08884294023951,-5.05194642355023,0.000223481725097008,0.00627581456382809,0.805076101498177,FALSE,"residual_autocorrelation;remaining_arch",0.419999999999995,,FALSE,"^FTSE"
"arma11_sgarch11_ged","rugarch",TRUE,TRUE,-5.01043360003683,-4.97814914793371,0.00563450165914847,0.337915181912286,0.129969421451549,FALSE,"residual_autocorrelation",0.5,,FALSE,"^FTSE"
"arma11_egarch11_norm","rugarch",TRUE,TRUE,-5.00387670004877,-4.97159224794564,0.0065420831166374,0.801584563942973,0.00378785025029834,FALSE,"residual_autocorrelation;pit_nonuniform",0.200000000000003,,FALSE,"^FTSE"
"arma11_egarch11_std","rugarch",TRUE,TRUE,-5.07909324636427,-5.04219672967499,0.00419236391575573,0.721608490089269,0.0994225765918463,FALSE,"residual_autocorrelation",0.409999999999997,,FALSE,"^FTSE"
"arma11_egarch11_sstd","rugarch",TRUE,TRUE,-5.10690504986708,-5.06539646859164,0.00718634457334688,0.749769247166294,0.958316992266661,FALSE,"residual_autocorrelation",0.690000000000005,,FALSE,"^FTSE"
"arma11_egarch11_ged","rugarch",TRUE,TRUE,-5.0569295175775,-5.02003300088821,0.00293815643710715,0.783682195300461,0.0992911886550403,FALSE,"residual_autocorrelation",0.759999999999998,,FALSE,"^FTSE"
"arma11_sgarch12_norm","rugarch",TRUE,TRUE,-4.91567199804545,-4.88338754594233,0.00995521064381166,0.455662945573986,0.00566598558764898,FALSE,"residual_autocorrelation;pit_nonuniform",0.18,,FALSE,"^FTSE"
"arma11_sgarch12_std","rugarch",TRUE,TRUE,-5.0349100480217,-4.99801353133242,0.00941993507943084,0.14439910488877,0.54134288559001,FALSE,"residual_autocorrelation",0.210000000000001,,FALSE,"^FTSE"
"arma11_sgarch12_sstd","rugarch",TRUE,TRUE,-5.08670306386504,-5.0451944825896,0.000222724120725881,0.00624186928917447,0.81231579759373,FALSE,"residual_autocorrelation;remaining_arch",0.439999999999998,,FALSE,"^FTSE"
"arma11_sgarch12_ged","rugarch",TRUE,TRUE,-5.00829744325835,-4.97140092656907,0.00566817318512225,0.337737185639126,0.131502350157258,FALSE,"residual_autocorrelation",0.579999999999998,,FALSE,"^FTSE"
"arma11_egarch12_norm","rugarch",TRUE,TRUE,-5.00375451651194,-4.96685799982266,0.0055732736674674,0.706855245100416,0.0037530255835761,FALSE,"residual_autocorrelation;pit_nonuniform",0.360000000000007,,FALSE,"^FTSE"
"arma11_egarch12_std","rugarch",TRUE,TRUE,-5.07924853932308,-5.03773995804763,0.00394185477150477,0.416588472661392,0.109383865129714,FALSE,"residual_autocorrelation",0.519999999999996,,FALSE,"^FTSE"
"arma11_egarch12_sstd","rugarch",TRUE,TRUE,-5.10641812062418,-5.06029747476258,0.0070379706296837,0.534967525904837,0.94967761500998,FALSE,"residual_autocorrelation",1.01,,FALSE,"^FTSE"
"arma11_egarch12_ged","rugarch",TRUE,TRUE,-5.05676436287419,-5.01525578159874,0.00255800138317352,0.619080775528368,0.102894678082985,FALSE,"residual_autocorrelation",1.13,,FALSE,"^FTSE"
"arma11_sgarch21_norm","rugarch",TRUE,TRUE,-4.91758652481014,-4.88530207270702,0.0105928105144749,0.591147724388809,0.00986708235700143,FALSE,"pit_nonuniform",0.210000000000001,,FALSE,"^FTSE"
"arma11_sgarch21_std","rugarch",TRUE,TRUE,-5.03491979442755,-4.99802327773826,0.00939577023378135,0.154509906397751,0.535829250373149,FALSE,"residual_autocorrelation",0.32,,FALSE,"^FTSE"
"arma11_sgarch21_sstd","rugarch",TRUE,TRUE,-5.08737664894414,-5.0458680676687,0.000155817775783551,0.0159835884463778,0.920139828253098,FALSE,"residual_autocorrelation",0.5,,FALSE,"^FTSE"
"arma11_sgarch21_ged","rugarch",TRUE,TRUE,-5.00842593114594,-4.97152941445666,0.00572896338711415,0.397546623415557,0.119681129994557,FALSE,"residual_autocorrelation",0.609999999999999,,FALSE,"^FTSE"
"arma11_egarch21_norm","rugarch",TRUE,TRUE,-5.02104515827414,-4.9795365769987,0.00333521492977762,0.34928539441642,0.00269053779825261,FALSE,"residual_autocorrelation;pit_nonuniform",0.359999999999999,,FALSE,"^FTSE"
"arma11_egarch21_std","rugarch",TRUE,TRUE,-5.09148656780907,-5.04536592194746,0.00272506588284449,0.0460518932134046,0.0970300521824392,FALSE,"residual_autocorrelation",0.530000000000001,,FALSE,"^FTSE"
"arma11_egarch21_sstd","rugarch",TRUE,TRUE,-5.11841640575211,-5.06768369530435,0.00598178753842005,0.121650142188757,0.992687495078625,FALSE,"residual_autocorrelation",1.01,,FALSE,"^FTSE"
"arma11_egarch21_ged","rugarch",TRUE,TRUE,-5.06928063463051,-5.02315998876891,0.00167319375822239,0.135214103561601,0.105309331344475,FALSE,"residual_autocorrelation",1.14,,FALSE,"^FTSE"
"arma20_sgarch11_norm","rugarch",TRUE,TRUE,-4.91610439737814,-4.88843200986118,0.00520078531153689,0.426023869531027,0.00583393331341456,FALSE,"residual_autocorrelation;pit_nonuniform",0.189999999999998,,FALSE,"^FTSE"
"arma20_sgarch11_std","rugarch",TRUE,TRUE,-5.03768451566601,-5.00540006356289,0.00156638373342444,0.132358847274515,0.360658545453025,FALSE,"residual_autocorrelation",0.280000000000001,,FALSE,"^FTSE"
"arma20_sgarch11_sstd","rugarch",TRUE,TRUE,-5.06296415655736,-5.02606763986808,0.000100036449094287,0.123544860888342,0.883269812745946,FALSE,"residual_autocorrelation",0.420000000000002,,FALSE,"^FTSE"
"arma20_sgarch11_ged","rugarch",TRUE,TRUE,-5.00922681330809,-4.97694236120497,0.00209795186171247,0.339251364428843,0.103247642060268,FALSE,"residual_autocorrelation",0.630000000000003,,FALSE,"^FTSE"
"arma20_egarch11_norm","rugarch",TRUE,TRUE,-5.00185296410513,-4.969568512002,0.00321115456345022,0.780416541781444,0.0026335195623068,FALSE,"residual_autocorrelation;pit_nonuniform",0.309999999999995,,FALSE,"^FTSE"
"arma20_egarch11_std","rugarch",TRUE,TRUE,-5.07670888275305,-5.03981236606377,0.00262992173113374,0.717560012540378,0.0869944548626437,FALSE,"residual_autocorrelation",0.490000000000002,,FALSE,"^FTSE"
"arma20_egarch11_sstd","rugarch",TRUE,TRUE,-5.10689154690521,-5.06538296562976,0.00218685037125133,0.702599718317826,0.952806722847116,FALSE,"residual_autocorrelation",0.780000000000001,,FALSE,"^FTSE"
"arma20_egarch11_ged","rugarch",TRUE,TRUE,-5.05404231501631,-5.01714579832702,0.00229303131540792,0.793862142664511,0.103165089455558,FALSE,"residual_autocorrelation",0.789999999999999,,FALSE,"^FTSE"
"arma20_sgarch12_norm","rugarch",TRUE,TRUE,-4.91425425303716,-4.88196980093404,0.00520171010775394,0.426023836215421,0.00585222946327904,FALSE,"residual_autocorrelation;pit_nonuniform",0.140000000000001,,FALSE,"^FTSE"
"arma20_sgarch12_std","rugarch",TRUE,TRUE,-5.03583435828476,-4.99893784159548,0.00156643839775117,0.132139100669909,0.361385709624126,FALSE,"residual_autocorrelation",0.269999999999996,,FALSE,"^FTSE"
"arma20_sgarch12_sstd","rugarch",TRUE,TRUE,-5.06111400315423,-5.01960542187879,9.98864622601126e-05,0.123221730180052,0.883281863864022,FALSE,"residual_autocorrelation",0.470000000000006,,FALSE,"^FTSE"
"arma20_sgarch12_ged","rugarch",TRUE,TRUE,-5.00737664588318,-4.9704801291939,0.00209969839744506,0.338769195766803,0.103801346552695,FALSE,"residual_autocorrelation",0.579999999999998,,FALSE,"^FTSE"
"arma20_egarch12_norm","rugarch",TRUE,TRUE,-5.00159867496248,-4.9647021582732,0.00303446714418165,0.696167631090158,0.00270443304949015,FALSE,"residual_autocorrelation;pit_nonuniform",0.280000000000001,,FALSE,"^FTSE"
"arma20_egarch12_std","rugarch",TRUE,TRUE,-5.07694060445267,-5.03543202317722,0.00239398362182885,0.380326423390297,0.111082882693379,FALSE,"residual_autocorrelation",0.589999999999996,,FALSE,"^FTSE"
"arma20_egarch12_sstd","rugarch",TRUE,TRUE,-5.10656169560894,-5.06044104974734,0.00201825656554555,0.382920790204355,0.97099289265818,FALSE,"residual_autocorrelation",0.800000000000004,,FALSE,"^FTSE"
"arma20_egarch12_ged","rugarch",TRUE,TRUE,-5.05384463457419,-5.01233605329875,0.00202411764335519,0.629393854313211,0.106755322419107,FALSE,"residual_autocorrelation",1.14,,FALSE,"^FTSE"
"arma20_sgarch21_norm","rugarch",TRUE,TRUE,-4.91619969993913,-4.88391524783601,0.00511871507318229,0.55891543661178,0.0103083352078236,FALSE,"residual_autocorrelation",0.229999999999997,,FALSE,"^FTSE"
"arma20_sgarch21_std","rugarch",TRUE,TRUE,-5.03591728533945,-4.99902076865017,0.00157089178540215,0.16306795761562,0.312506581667193,FALSE,"residual_autocorrelation",0.329999999999998,,FALSE,"^FTSE"
"arma20_sgarch21_sstd","rugarch",TRUE,TRUE,-5.06191211619231,-5.02040353491687,7.38143635431454e-05,0.214484626146613,0.935785109983363,FALSE,"residual_autocorrelation",0.579999999999998,,FALSE,"^FTSE"
"arma20_sgarch21_ged","rugarch",TRUE,TRUE,-5.00753534505939,-4.97063882837011,0.00222645885736295,0.409466034077533,0.0790416327918901,FALSE,"residual_autocorrelation",0.630000000000003,,FALSE,"^FTSE"
"arma20_egarch21_norm","rugarch",TRUE,TRUE,-5.01598732376433,-4.97447874248889,0.00290713067966464,0.323777591331785,0.00323944546148856,FALSE,"residual_autocorrelation;pit_nonuniform",0.460000000000001,,FALSE,"^FTSE"
"arma20_egarch21_std","rugarch",TRUE,TRUE,-5.08892489034752,-5.04280424448592,0.00127704968662057,0.0246109978157266,0.203818684856969,FALSE,"residual_autocorrelation",0.710000000000001,,FALSE,"^FTSE"
"arma20_egarch21_sstd","rugarch",TRUE,TRUE,-5.11871486592826,-5.06798215548049,0.00122632147641377,0.047324502014215,0.99863918848612,FALSE,"residual_autocorrelation",1.06,,FALSE,"^FTSE"
"arma20_egarch21_ged","rugarch",TRUE,TRUE,-5.06531260009875,-5.01919195423715,0.00135091339198734,0.0956625747809077,0.156790830070874,FALSE,"residual_autocorrelation",1.34,,FALSE,"^FTSE"
"arma21_sgarch11_norm","rugarch",TRUE,TRUE,-4.91629821863773,-4.88401376653461,0.00617155312169426,0.426023646381606,0.00700367483661499,FALSE,"residual_autocorrelation;pit_nonuniform",0.219999999999999,,FALSE,"^FTSE"
"arma21_sgarch11_std","rugarch",TRUE,TRUE,-5.03593863850898,-4.9990421218197,0.00255715388012034,0.149525881166899,0.481799459877949,FALSE,"residual_autocorrelation",0.350000000000001,,FALSE,"^FTSE"
"arma21_sgarch11_sstd","rugarch",TRUE,TRUE,-5.08667469458822,-5.04516611331277,0.000101738618031533,0.00588643921479048,0.821172699966573,FALSE,"residual_autocorrelation;remaining_arch",0.509999999999998,,FALSE,"^FTSE"
"arma21_sgarch11_ged","rugarch",TRUE,TRUE,-5.00858815529418,-4.9716916386049,0.00217871481541188,0.347773450817848,0.118954664847437,FALSE,"residual_autocorrelation",0.640000000000001,,FALSE,"^FTSE"
"arma21_egarch11_norm","rugarch",TRUE,TRUE,-5.00289720631224,-4.96600068962296,0.00250578149165981,0.747354366650007,0.000934229834099512,FALSE,"residual_autocorrelation;pit_nonuniform",0.420000000000002,,FALSE,"^FTSE"
"arma21_egarch11_std","rugarch",TRUE,TRUE,-5.07726847743317,-5.03575989615772,0.00199574134033043,0.728202463093927,0.104994895485911,FALSE,"residual_autocorrelation",0.630000000000003,,FALSE,"^FTSE"
"arma21_egarch11_sstd","rugarch",TRUE,TRUE,-5.10621890200903,-5.06009825614743,0.00210356487931662,0.75928999637543,0.951860604003419,FALSE,"residual_autocorrelation",0.719999999999999,,FALSE,"^FTSE"
"arma21_egarch11_ged","rugarch",TRUE,TRUE,-5.0551102329128,-5.01360165163736,0.00151075838301018,0.775102558188438,0.10996444420451,FALSE,"residual_autocorrelation",1.12,,FALSE,"^FTSE"
"arma21_sgarch12_norm","rugarch",TRUE,TRUE,-4.91444807792375,-4.87755156123447,0.00617148762405872,0.426029185440046,0.00699598286409451,FALSE,"residual_autocorrelation;pit_nonuniform",0.25,,FALSE,"^FTSE"
"arma21_sgarch12_std","rugarch",TRUE,TRUE,-5.03408849240099,-4.99257991112555,0.00255735764849929,0.149471239422772,0.48212491312894,FALSE,"residual_autocorrelation",0.240000000000002,,FALSE,"^FTSE"
"arma21_sgarch12_sstd","rugarch",TRUE,TRUE,-5.05545395301328,-5.00933330715167,0.000412413618505747,0.18981641366885,0.825184633213074,FALSE,"residual_autocorrelation",0.530000000000001,,FALSE,"^FTSE"
"arma21_sgarch12_ged","rugarch",TRUE,TRUE,-5.00673802100469,-4.96522943972924,0.00217799890508918,0.347978785197343,0.118887640028525,FALSE,"residual_autocorrelation",0.700000000000003,,FALSE,"^FTSE"
"arma21_egarch12_norm","rugarch",TRUE,TRUE,-5.00266005242336,-4.96115147114792,0.00232523393093997,0.659648729838776,0.000992435119843252,FALSE,"residual_autocorrelation;pit_nonuniform",0.5,,FALSE,"^FTSE"
"arma21_egarch12_std","rugarch",TRUE,TRUE,-5.07750002240878,-5.03137937654718,0.00183395612790427,0.415630112871796,0.119731428380238,FALSE,"residual_autocorrelation",0.559999999999988,,FALSE,"^FTSE"
"arma21_egarch12_sstd","rugarch",TRUE,TRUE,-5.1057687357012,-5.05503602525344,0.00200915087844133,0.510345109080997,0.975026329489579,FALSE,"residual_autocorrelation",1.04000000000001,,FALSE,"^FTSE"
"arma21_egarch12_ged","rugarch",TRUE,TRUE,-5.054976429747,-5.00885578388539,0.0012904918102723,0.613020629620001,0.115382217972517,FALSE,"residual_autocorrelation",1.32000000000001,,FALSE,"^FTSE"
"arma21_sgarch21_norm","rugarch",TRUE,TRUE,-4.91647906582072,-4.87958254913144,0.00584607081978394,0.558370540601238,0.015860181133838,FALSE,"residual_autocorrelation",0.269999999999996,,FALSE,"^FTSE"
"arma21_sgarch21_std","rugarch",TRUE,TRUE,-5.03412689680286,-4.99261831552742,0.00253292633655366,0.170527429055613,0.503180420471141,FALSE,"residual_autocorrelation",0.390000000000001,,FALSE,"^FTSE"
"arma21_sgarch21_sstd","rugarch",TRUE,TRUE,-5.05581406291326,-5.00969341705166,0.00034677399412586,0.26555296825152,0.883951329941751,FALSE,"residual_autocorrelation",0.549999999999997,,FALSE,"^FTSE"
"arma21_sgarch21_ged","rugarch",TRUE,TRUE,-5.0068718787785,-4.96536329750305,0.00218669125374427,0.411055324651013,0.119748779493108,FALSE,"residual_autocorrelation",0.469999999999999,,FALSE,"^FTSE"
"arma21_egarch21_norm","rugarch",TRUE,TRUE,-5.01922187026998,-4.97310122440838,0.00169597528817877,0.348155431920983,0.00277519369784548,FALSE,"residual_autocorrelation;pit_nonuniform",0.560000000000002,,FALSE,"^FTSE"
"arma21_egarch21_std","rugarch",TRUE,TRUE,-5.09000835833672,-5.03927564788896,0.00105810978277232,0.0437546760241253,0.134399051673568,FALSE,"residual_autocorrelation",0.829999999999998,,FALSE,"^FTSE"
"arma21_egarch21_sstd","rugarch",TRUE,TRUE,-5.11761608936973,-5.0622713143358,0.00187623390916158,0.116944115093532,0.994447510436357,FALSE,"residual_autocorrelation",1.14,,FALSE,"^FTSE"
"arma21_egarch21_ged","rugarch",TRUE,TRUE,-5.06750313959608,-5.01677042914832,0.00079582954059898,0.134203959933992,0.140152744724812,FALSE,"residual_autocorrelation",1.12,,FALSE,"^FTSE"
"arma00_sgarch11_norm","rugarch",TRUE,TRUE,-4.93208121762456,-4.91363295927991,0.319482100365355,0.83147243129586,0.013303371481597,TRUE,"",0.0799999999999983,95,FALSE,"^GSPC"
"arma00_sgarch11_std","rugarch",TRUE,TRUE,-4.97799129675184,-4.95493097382104,0.322706384396347,0.718535084959095,0.112006613047512,TRUE,"",0.109999999999999,62,FALSE,"^GSPC"
"arma00_sgarch11_sstd","rugarch",TRUE,TRUE,-4.99998760590599,-4.97231521838903,0.368240507660869,0.67922477706523,0.0625827571888725,TRUE,"",0.189999999999998,53,FALSE,"^GSPC"
"arma00_sgarch11_ged","rugarch",TRUE,TRUE,-4.97045820661389,-4.94739788368309,0.313995542042288,0.787695362260142,0.207789753941208,TRUE,"",0.310000000000002,77,FALSE,"^GSPC"
"arma00_egarch11_norm","rugarch",TRUE,TRUE,-4.98912638699914,-4.96606606406834,0.241368351081764,0.849820320198137,0.00199513351527092,FALSE,"pit_nonuniform",0.189999999999998,,FALSE,"^GSPC"
"arma00_egarch11_std","rugarch",TRUE,TRUE,-5.01927160283192,-4.99159921531496,0.190290575905763,0.741715736421901,0.201714950719163,TRUE,"",0.340000000000003,24,FALSE,"^GSPC"
"arma00_egarch11_sstd","rugarch",TRUE,TRUE,-5.0657421446352,-5.03345769253208,0.263803182412293,0.581476463466855,0.755540300126283,TRUE,"",0.589999999999989,15,FALSE,"^GSPC"
"arma00_egarch11_ged","rugarch",TRUE,TRUE,-5.01022818569696,-4.98255579817999,0.18344045559522,0.83577167519792,0.111194148125173,TRUE,"",0.570000000000007,40,FALSE,"^GSPC"
"arma00_sgarch12_norm","rugarch",TRUE,TRUE,-4.93066222424474,-4.90760190131394,0.321218640307211,0.797018746009553,0.0142889304310698,TRUE,"",0.140000000000001,97,FALSE,"^GSPC"
"arma00_sgarch12_std","rugarch",TRUE,TRUE,-4.97630251591939,-4.94863012840243,0.323640132984053,0.721864481525141,0.0990386417442725,TRUE,"",0.219999999999999,73,FALSE,"^GSPC"
"arma00_sgarch12_sstd","rugarch",TRUE,TRUE,-4.99943246993642,-4.9671480178333,0.369874477689972,0.685665460716349,0.0497791266509774,TRUE,"",0.310000000000002,57,FALSE,"^GSPC"
"arma00_sgarch12_ged","rugarch",TRUE,TRUE,-4.96866409428032,-4.94099170676336,0.315249881803169,0.777746083452153,0.170807328096407,TRUE,"",0.390000000000001,87,FALSE,"^GSPC"
"arma00_egarch12_norm","rugarch",TRUE,TRUE,-4.99103403814957,-4.96336165063261,0.25055413791149,0.91251130807707,0.00169939731058083,FALSE,"pit_nonuniform",0.259999999999991,,FALSE,"^GSPC"
"arma00_egarch12_std","rugarch",TRUE,TRUE,-5.01976324157616,-4.98747878947304,0.200405482829288,0.819177577259989,0.187569379027625,TRUE,"",0.430000000000007,33,FALSE,"^GSPC"
"arma00_egarch12_sstd","rugarch",TRUE,TRUE,-5.06996376243673,-5.03306724574745,0.283873599709485,0.689927118023592,0.652837072647613,TRUE,"",0.719999999999999,16,FALSE,"^GSPC"
"arma00_egarch12_ged","rugarch",TRUE,TRUE,-5.01055474520645,-4.97827029310333,0.190939186383282,0.9043498975909,0.0895510432934908,TRUE,"",0.75,46,FALSE,"^GSPC"
"arma00_sgarch21_norm","rugarch",TRUE,TRUE,-4.92979332839427,-4.90673300546346,0.319790848087305,0.827594222789815,0.0132514896780367,TRUE,"",0.120000000000005,99,FALSE,"^GSPC"
"arma00_sgarch21_std","rugarch",TRUE,TRUE,-4.97584385772376,-4.9481714702068,0.32253695839946,0.714774157622245,0.109904442914303,TRUE,"",0.219999999999999,74,FALSE,"^GSPC"
"arma00_sgarch21_sstd","rugarch",TRUE,TRUE,-4.99782363872848,-4.96553918662536,0.368076862496978,0.676638791146319,0.0618471531259841,TRUE,"",0.280000000000001,58,FALSE,"^GSPC"
"arma00_sgarch21_ged","rugarch",TRUE,TRUE,-4.96829278574031,-4.94062039822335,0.313999818579902,0.783834645238666,0.20917009502638,TRUE,"",0.519999999999996,88,FALSE,"^GSPC"
"arma00_egarch21_norm","rugarch",TRUE,TRUE,-5.00161077500689,-4.96932632290376,0.335405459858863,0.862218262452689,0.00130112814850039,FALSE,"pit_nonuniform",0.280000000000001,,FALSE,"^GSPC"
"arma00_egarch21_std","rugarch",TRUE,TRUE,-5.02536197755842,-4.98846546086914,0.23134018530227,0.641476718318854,0.102784445960036,TRUE,"",0.420000000000002,30,FALSE,"^GSPC"
"arma00_egarch21_sstd","rugarch",TRUE,TRUE,-5.08085157900206,-5.03934299772662,0.344971897036821,0.454872268818883,0.622986461881301,TRUE,"",0.75,12,FALSE,"^GSPC"
"arma00_egarch21_ged","rugarch",TRUE,TRUE,-5.0169861855964,-4.98008966890712,0.240913235305699,0.820304086645339,0.0405664268046147,TRUE,"",0.759999999999991,44,FALSE,"^GSPC"
"arma01_sgarch11_norm","rugarch",TRUE,TRUE,-4.93650505545742,-4.91344473252662,0.622829809974829,0.834576581277671,0.00963012102580556,FALSE,"pit_nonuniform",0.150000000000006,,FALSE,"^GSPC"
"arma01_sgarch11_std","rugarch",TRUE,TRUE,-4.9887943884565,-4.96112200093954,0.466560748908443,0.734778412812602,0.0623377555332817,TRUE,"",0.230000000000004,59,FALSE,"^GSPC"
"arma01_sgarch11_sstd","rugarch",TRUE,TRUE,-5.04023382199729,-5.00794936989417,0.00023737792192724,0.684789466215167,0.00774489605813454,FALSE,"residual_autocorrelation;pit_nonuniform",0.310000000000002,,FALSE,"^GSPC"
"arma01_sgarch11_ged","rugarch",TRUE,TRUE,-4.97675911128129,-4.94908672376433,0.580724835114036,0.798430516976049,0.0870842697667546,TRUE,"",0.280000000000001,71,FALSE,"^GSPC"
"arma01_egarch11_norm","rugarch",TRUE,TRUE,-4.99273727226615,-4.96506488474919,0.585437584767111,0.841343721383888,0.0018363207739998,FALSE,"pit_nonuniform",0.25,,FALSE,"^GSPC"
"arma01_egarch11_std","rugarch",TRUE,TRUE,-5.02524966154669,-4.99296520944357,0.529103430032134,0.783647635665229,0.0745373027287221,TRUE,"",0.409999999999997,23,FALSE,"^GSPC"
"arma01_egarch11_sstd","rugarch",TRUE,TRUE,-5.0849847710145,-5.04808825432522,0.218238596926219,0.699852597536413,0.622395691374089,TRUE,"",0.780000000000001,4,FALSE,"^GSPC"
"arma01_egarch11_ged","rugarch",TRUE,TRUE,-5.01389254936072,-4.98160809725759,0.534228354448065,0.839605890746264,0.0521457468119419,TRUE,"",0.689999999999998,42,FALSE,"^GSPC"
"arma01_sgarch12_norm","rugarch",TRUE,TRUE,-4.93436605755168,-4.90669367003471,0.606204572548368,0.807244408791082,0.0115323040388474,TRUE,"",0.109999999999999,100,FALSE,"^GSPC"
"arma01_sgarch12_std","rugarch",TRUE,TRUE,-4.98685192293093,-4.95456747082781,0.460482565212452,0.730060149066171,0.0612336766783506,TRUE,"",0.189999999999998,63,FALSE,"^GSPC"
"arma01_sgarch12_sstd","rugarch",TRUE,TRUE,-5.03880581894265,-5.00190930225337,0.000339979649529476,0.696156404862314,0.00630722460155867,FALSE,"residual_autocorrelation;pit_nonuniform",0.370000000000005,,FALSE,"^GSPC"
"arma01_sgarch12_ged","rugarch",TRUE,TRUE,-4.974720682489,-4.94243623038588,0.570223889361785,0.784733786133699,0.0860363427020376,TRUE,"",0.530000000000001,81,FALSE,"^GSPC"
"arma01_egarch12_norm","rugarch",TRUE,TRUE,-4.9948229452071,-4.96253849310398,0.56586020495565,0.870665775393644,0.00209031964564363,FALSE,"pit_nonuniform",0.239999999999995,,FALSE,"^GSPC"
"arma01_egarch12_std","rugarch",TRUE,TRUE,-5.02597948788702,-4.98908297119774,0.520273605072195,0.812008097056525,0.0411216138625425,TRUE,"",0.510000000000005,28,FALSE,"^GSPC"
"arma01_egarch12_sstd","rugarch",TRUE,TRUE,-5.08782169218392,-5.04631311090848,0.278751998781948,0.685333608897701,0.623830487606906,TRUE,"",0.969999999999999,6,FALSE,"^GSPC"
"arma01_egarch12_ged","rugarch",TRUE,TRUE,-5.0144629313447,-4.97756641465542,0.521677801723344,0.874320745674807,0.0392177670637364,TRUE,"",0.810000000000002,49,FALSE,"^GSPC"
"arma01_sgarch21_norm","rugarch",TRUE,TRUE,-4.93421525558124,-4.90654286806428,0.624617329226351,0.831237493016856,0.00956074440219026,FALSE,"pit_nonuniform",0.109999999999999,,FALSE,"^GSPC"
"arma01_sgarch21_std","rugarch",TRUE,TRUE,-4.98665798033402,-4.9543735282309,0.467769345590555,0.731611027621049,0.0623104938298143,TRUE,"",0.209999999999994,65,FALSE,"^GSPC"
"arma01_sgarch21_sstd","rugarch",TRUE,TRUE,-5.0380317071845,-5.00113519049521,0.00025032555909188,0.683677538664913,0.00771533971143075,FALSE,"residual_autocorrelation;pit_nonuniform",0.390000000000001,,FALSE,"^GSPC"
"arma01_sgarch21_ged","rugarch",TRUE,TRUE,-4.97460127672573,-4.94231682462261,0.581893395898177,0.795164787657996,0.0880369445774545,TRUE,"",0.340000000000003,82,FALSE,"^GSPC"
"arma01_egarch21_norm","rugarch",TRUE,TRUE,-5.01821505529466,-4.98131853860538,0.345145644508989,0.841566810870332,0.00737176336238564,FALSE,"pit_nonuniform",0.22999999999999,,FALSE,"^GSPC"
"arma01_egarch21_std","rugarch",TRUE,TRUE,-5.03831738297071,-4.99680880169526,0.413125907732099,0.639534644232592,0.0433005197718231,TRUE,"",0.570000000000007,18,FALSE,"^GSPC"
"arma01_egarch21_sstd","rugarch",TRUE,TRUE,-5.10166781247073,-5.05554716660913,0.239018487115948,0.53867382946234,0.517166038924625,TRUE,"",0.780000000000001,1,TRUE,"^GSPC"
"arma01_egarch21_ged","rugarch",TRUE,TRUE,-5.0292395415942,-4.98773096031876,0.447034794394603,0.798686302927166,0.0293004564787346,TRUE,"",0.899999999999991,31,FALSE,"^GSPC"
"arma10_sgarch11_norm","rugarch",TRUE,TRUE,-4.93653175886419,-4.91347143593339,0.636827712189955,0.82894803296961,0.00912031715598466,FALSE,"pit_nonuniform",0.100000000000009,,FALSE,"^GSPC"
"arma10_sgarch11_std","rugarch",TRUE,TRUE,-4.9885552994835,-4.96088291196654,0.50396802438531,0.723004016521793,0.0708064181853657,TRUE,"",0.170000000000002,60,FALSE,"^GSPC"
"arma10_sgarch11_sstd","rugarch",TRUE,TRUE,-5.03232384550888,-5.00003939340576,0.0427228229811545,0.682188587389372,0.0352286990723817,TRUE,"",0.280000000000001,17,FALSE,"^GSPC"
"arma10_sgarch11_ged","rugarch",TRUE,TRUE,-4.97657985444328,-4.94890746692632,0.60244413340222,0.79108683044977,0.0926349552483681,TRUE,"",0.339999999999989,72,FALSE,"^GSPC"
"arma10_egarch11_norm","rugarch",TRUE,TRUE,-4.99300086785783,-4.96532848034087,0.603589190063485,0.834365259803326,0.00202659278783836,FALSE,"pit_nonuniform",0.160000000000011,,FALSE,"^GSPC"
"arma10_egarch11_std","rugarch",TRUE,TRUE,-5.02555544402135,-4.99327099191823,0.532737087663157,0.771724603459417,0.0602243313678518,TRUE,"",0.310000000000002,22,FALSE,"^GSPC"
"arma10_egarch11_sstd","rugarch",TRUE,TRUE,-5.08424140292791,-5.04734488623863,0.299170850373131,0.675367155858367,0.577348250537221,TRUE,"",0.769999999999996,5,FALSE,"^GSPC"
"arma10_egarch11_ged","rugarch",TRUE,TRUE,-5.01408219480919,-4.98179774270607,0.545692611246382,0.832113602789575,0.0360332516100351,TRUE,"",0.530000000000001,41,FALSE,"^GSPC"
"arma10_sgarch12_norm","rugarch",TRUE,TRUE,-4.93448001339503,-4.90680762587807,0.621977104970461,0.800569344970121,0.0103486769997674,TRUE,"",0.22999999999999,98,FALSE,"^GSPC"
"arma10_sgarch12_std","rugarch",TRUE,TRUE,-4.98667434743577,-4.95438989533264,0.498985063758262,0.721074886463465,0.0699796187022878,TRUE,"",0.290000000000006,64,FALSE,"^GSPC"
"arma10_sgarch12_sstd","rugarch",TRUE,TRUE,-5.03123684350372,-4.99434032681444,0.0498634926872593,0.694714688867868,0.0310780518790937,TRUE,"",0.319999999999993,20,FALSE,"^GSPC"
"arma10_sgarch12_ged","rugarch",TRUE,TRUE,-4.97459027064614,-4.94230581854301,0.592992702470146,0.777504731254525,0.087784921823828,TRUE,"",0.38000000000001,83,FALSE,"^GSPC"
"arma10_egarch12_norm","rugarch",TRUE,TRUE,-4.99523252787991,-4.96294807577679,0.586850557571525,0.863224676893561,0.00155604639310361,FALSE,"pit_nonuniform",0.259999999999991,,FALSE,"^GSPC"
"arma10_egarch12_std","rugarch",TRUE,TRUE,-5.02634792880735,-4.98945141211807,0.52634250924452,0.802878362153235,0.0566025736922493,TRUE,"",0.52000000000001,27,FALSE,"^GSPC"
"arma10_egarch12_sstd","rugarch",TRUE,TRUE,-5.08689944922283,-5.04539086794738,0.359044294925438,0.681319520678843,0.513495661179987,TRUE,"",0.879999999999995,7,FALSE,"^GSPC"
"arma10_egarch12_ged","rugarch",TRUE,TRUE,-5.01473334674925,-4.97783683005997,0.535508232896076,0.868435229133984,0.0336756474250457,TRUE,"",0.730000000000004,48,FALSE,"^GSPC"
"arma10_sgarch21_norm","rugarch",TRUE,TRUE,-4.93424705204403,-4.90657466452707,0.638776633856369,0.825463837464701,0.00934314748697237,FALSE,"pit_nonuniform",0.170000000000002,,FALSE,"^GSPC"
"arma10_sgarch21_std","rugarch",TRUE,TRUE,-4.98642686298464,-4.95414241088152,0.505368286487164,0.719726928384178,0.0704197481519325,TRUE,"",0.170000000000002,67,FALSE,"^GSPC"
"arma10_sgarch21_sstd","rugarch",TRUE,TRUE,-5.03018002351979,-4.99328350683051,0.0432274525189688,0.681071227153209,0.0348500962570768,TRUE,"",0.25,21,FALSE,"^GSPC"
"arma10_sgarch21_ged","rugarch",TRUE,TRUE,-4.97442675911447,-4.94214230701135,0.603982914529579,0.787728700147989,0.0928480306316116,TRUE,"",0.529999999999987,85,FALSE,"^GSPC"
"arma10_egarch21_norm","rugarch",TRUE,TRUE,-5.01809423404392,-4.98119771735464,0.387514400614906,0.833135291814835,0.00771317500570162,FALSE,"pit_nonuniform",0.25,,FALSE,"^GSPC"
"arma10_egarch21_std","rugarch",TRUE,TRUE,-5.03812429866585,-4.99661571739041,0.445192283743619,0.625658595575371,0.0649021729444753,TRUE,"",0.490000000000009,19,FALSE,"^GSPC"
"arma10_egarch21_sstd","rugarch",TRUE,TRUE,-5.09934283302649,-5.05322218716489,0.38867263437,0.518576882449096,0.530135921049607,TRUE,"",0.86999999999999,2,FALSE,"^GSPC"
"arma10_egarch21_ged","rugarch",TRUE,TRUE,-5.02903378421027,-4.98752520293483,0.484735326901363,0.790860521804186,0.0343283054610418,TRUE,"",0.740000000000009,32,FALSE,"^GSPC"
"arma11_sgarch11_norm","rugarch",TRUE,TRUE,-4.94004784081922,-4.91237545330226,0.635689240137349,0.842835685250352,0.020114116407318,TRUE,"",0.120000000000005,96,FALSE,"^GSPC"
"arma11_sgarch11_std","rugarch",TRUE,TRUE,-4.98943722876941,-4.95715277666628,0.362176312625786,0.792119396172769,0.030465249025166,TRUE,"",0.219999999999999,61,FALSE,"^GSPC"
"arma11_sgarch11_sstd","rugarch",TRUE,TRUE,-5.04852212166056,-5.01162560497128,1.84270511305318e-06,0.465374229235885,0.022405412423211,FALSE,"residual_autocorrelation",0.269999999999996,,FALSE,"^GSPC"
"arma11_sgarch11_ged","rugarch",TRUE,TRUE,-4.97576045863864,-4.94347600653552,0.642162138670118,0.798199181108817,0.11498364196755,TRUE,"",0.329999999999998,79,FALSE,"^GSPC"
"arma11_egarch11_norm","rugarch",TRUE,TRUE,-4.99713979931962,-4.9648553472165,0.553109010903835,0.845955706025245,0.0051435426672935,FALSE,"pit_nonuniform",0.209999999999994,,FALSE,"^GSPC"
"arma11_egarch11_std","rugarch",TRUE,TRUE,-5.02566284527703,-4.98876632858775,0.453051197136595,0.73878417466554,0.158802866575871,TRUE,"",0.350000000000009,29,FALSE,"^GSPC"
"arma11_egarch11_sstd","rugarch",TRUE,TRUE,-5.08331218078999,-5.04180359951455,0.130933809451473,0.713813478864797,0.501814625841537,TRUE,"",0.689999999999998,8,FALSE,"^GSPC"
"arma11_egarch11_ged","rugarch",TRUE,TRUE,-5.01515365654631,-4.97825713985703,0.488089679227665,0.833114945418297,0.0925927887867839,TRUE,"",0.609999999999999,47,FALSE,"^GSPC"
"arma11_sgarch12_norm","rugarch",TRUE,TRUE,-4.93895781096501,-4.90667335886189,0.631914062275649,0.802839315566852,0.0161944058706895,TRUE,"",0.140000000000001,101,FALSE,"^GSPC"
"arma11_sgarch12_std","rugarch",TRUE,TRUE,-4.98746830059592,-4.95057178390664,0.347798913093023,0.769284419199165,0.027697787268226,TRUE,"",0.25,68,FALSE,"^GSPC"
"arma11_sgarch12_sstd","rugarch",TRUE,TRUE,-5.04739972934769,-5.00589114807225,1.89881063783481e-06,0.45494173132786,0.0184428502428885,FALSE,"residual_autocorrelation",0.319999999999993,,FALSE,"^GSPC"
"arma11_sgarch12_ged","rugarch",TRUE,TRUE,-4.97410101555967,-4.93720449887039,0.644054836042936,0.784689436604811,0.11561782745754,TRUE,"",0.410000000000011,90,FALSE,"^GSPC"
"arma11_egarch12_norm","rugarch",TRUE,TRUE,-4.9999434285636,-4.96304691187432,0.506289148592208,0.886438940025376,0.00629256722493471,FALSE,"pit_nonuniform",0.280000000000001,,FALSE,"^GSPC"
"arma11_egarch12_std","rugarch",TRUE,TRUE,-5.02648722719453,-4.98497864591909,0.437951469384333,0.792908742497078,0.133631827360998,TRUE,"",0.449999999999989,36,FALSE,"^GSPC"
"arma11_egarch12_sstd","rugarch",TRUE,TRUE,-5.08643834052261,-5.04031769466101,0.170693778200704,0.681862367914229,0.534301460513042,TRUE,"",0.859999999999999,10,FALSE,"^GSPC"
"arma11_egarch12_ged","rugarch",TRUE,TRUE,-5.0160462499882,-4.97453766871275,0.468809488859514,0.886031554044279,0.0729563144123582,TRUE,"",0.740000000000009,52,FALSE,"^GSPC"
"arma11_sgarch21_norm","rugarch",TRUE,TRUE,-4.93779375187761,-4.90550929977449,0.640636413451554,0.839058009281576,0.0197182044638152,TRUE,"",0.149999999999991,103,FALSE,"^GSPC"
"arma11_sgarch21_std","rugarch",TRUE,TRUE,-4.98726108988642,-4.95036457319714,0.361737268041293,0.789181929369753,0.0305362184120391,TRUE,"",0.220000000000013,69,FALSE,"^GSPC"
"arma11_sgarch21_sstd","rugarch",TRUE,TRUE,-5.04623349444451,-5.00472491316906,1.96770417981718e-06,0.464484124944578,0.0227155796780426,FALSE,"residual_autocorrelation",0.299999999999997,,FALSE,"^GSPC"
"arma11_sgarch21_ged","rugarch",TRUE,TRUE,-4.97639991726231,-4.93950340057302,0.45894231789681,0.851781629482001,0.047083288012637,TRUE,"",0.390000000000001,89,FALSE,"^GSPC"
"arma11_egarch21_norm","rugarch",TRUE,TRUE,-5.01648782448459,-4.97497924320915,0.417905486713131,0.864746418238765,0.00782299664105386,FALSE,"pit_nonuniform",0.310000000000002,,FALSE,"^GSPC"
"arma11_egarch21_std","rugarch",TRUE,TRUE,-5.03760905420723,-4.99148840834563,0.231934673563443,0.691338392232404,0.0371440076446537,TRUE,"",0.529999999999987,25,FALSE,"^GSPC"
"arma11_egarch21_sstd","rugarch",TRUE,TRUE,-5.11025902215452,-5.05952631170675,0.00695498942941075,0.303517484520242,0.297591824806271,FALSE,"residual_autocorrelation",0.960000000000008,,FALSE,"^GSPC"
"arma11_egarch21_ged","rugarch",TRUE,TRUE,-5.02943552261191,-4.9833148767503,0.250286631878923,0.852412633260924,0.019472531474154,TRUE,"",1.12,38,FALSE,"^GSPC"
"arma20_sgarch11_norm","rugarch",TRUE,TRUE,-4.93432412920854,-4.90665174169158,0.547271477718659,0.820982669272292,0.00929423747206659,FALSE,"pit_nonuniform",0.140000000000001,,FALSE,"^GSPC"
"arma20_sgarch11_std","rugarch",TRUE,TRUE,-4.98654620029987,-4.95426174819675,0.386483641396246,0.725362062552477,0.0684744794617891,TRUE,"",0.209999999999994,66,FALSE,"^GSPC"
"arma20_sgarch11_sstd","rugarch",TRUE,TRUE,-5.03614558278636,-4.99924906609708,0.000779756688450095,0.68243702809326,0.00513905891184283,FALSE,"residual_autocorrelation;pit_nonuniform",0.260000000000005,,FALSE,"^GSPC"
"arma20_sgarch11_ged","rugarch",TRUE,TRUE,-4.97453680070719,-4.94225234860407,0.482138868531179,0.793146250684134,0.0908753555325402,TRUE,"",0.349999999999994,84,FALSE,"^GSPC"
"arma20_egarch11_norm","rugarch",TRUE,TRUE,-4.99136207833326,-4.95907762623013,0.497657854363308,0.80869860680572,0.00218426100238264,FALSE,"pit_nonuniform",0.209999999999994,,FALSE,"^GSPC"
"arma20_egarch11_std","rugarch",TRUE,TRUE,-5.02367531372274,-4.98677879703346,0.416473695436239,0.744636107891087,0.0824965663632128,TRUE,"",0.350000000000009,34,FALSE,"^GSPC"
"arma20_egarch11_sstd","rugarch",TRUE,TRUE,-5.082481333683,-5.04097275240755,0.168069952724455,0.694869479371858,0.641963933040562,TRUE,"",1.25999999999999,9,FALSE,"^GSPC"
"arma20_egarch11_ged","rugarch",TRUE,TRUE,-5.01214235553076,-4.97524583884148,0.445555676057247,0.812231855784419,0.0327920168296622,TRUE,"",0.660000000000011,51,FALSE,"^GSPC"
"arma20_sgarch12_norm","rugarch",TRUE,TRUE,-4.93285474224917,-4.90057029014605,0.540007651420442,0.788686392294533,0.00774815990013909,FALSE,"pit_nonuniform",0.219999999999999,,FALSE,"^GSPC"
"arma20_sgarch12_std","rugarch",TRUE,TRUE,-4.98491638459463,-4.94801986790535,0.384508600331993,0.724042748044268,0.0703713330635828,TRUE,"",0.299999999999997,75,FALSE,"^GSPC"
"arma20_sgarch12_sstd","rugarch",TRUE,TRUE,-5.03486580699455,-4.99335722571911,0.00104707107951796,0.686755909476649,0.00416606792222561,FALSE,"residual_autocorrelation;pit_nonuniform",0.450000000000003,,FALSE,"^GSPC"
"arma20_sgarch12_ged","rugarch",TRUE,TRUE,-4.97281671455264,-4.93592019786336,0.476887385227709,0.781246250054733,0.0847516341901569,TRUE,"",0.509999999999991,91,FALSE,"^GSPC"
"arma20_egarch12_norm","rugarch",TRUE,TRUE,-4.99461471418028,-4.95771819749099,0.471592673592684,0.850618310548137,0.00272184170318174,FALSE,"pit_nonuniform",0.25,,FALSE,"^GSPC"
"arma20_egarch12_std","rugarch",TRUE,TRUE,-5.02490669588596,-4.98339811461051,0.414712787364723,0.787162125588474,0.0921087446628921,TRUE,"",0.470000000000013,37,FALSE,"^GSPC"
"arma20_egarch12_sstd","rugarch",TRUE,TRUE,-5.08578273711054,-5.03966209124894,0.206408715202768,0.689250620716225,0.649622547437123,TRUE,"",0.909999999999997,11,FALSE,"^GSPC"
"arma20_egarch12_ged","rugarch",TRUE,TRUE,-5.01334273096501,-4.97183414968957,0.437214710705935,0.856215995119822,0.0406712133206376,TRUE,"",0.780000000000001,54,FALSE,"^GSPC"
"arma20_sgarch21_norm","rugarch",TRUE,TRUE,-4.93247398809021,-4.90018953598708,0.54726583232158,0.82097576284498,0.00929010729458309,FALSE,"pit_nonuniform",0.140000000000001,,FALSE,"^GSPC"
"arma20_sgarch21_std","rugarch",TRUE,TRUE,-4.98469605786897,-4.94779954117969,0.386606475285391,0.725372899735897,0.0684484675592631,TRUE,"",0.199999999999989,76,FALSE,"^GSPC"
"arma20_sgarch21_sstd","rugarch",TRUE,TRUE,-5.03429547847648,-4.99278689720104,0.000777485000673317,0.682261311868166,0.00514224766186533,FALSE,"residual_autocorrelation;pit_nonuniform",0.320000000000007,,FALSE,"^GSPC"
"arma20_sgarch21_ged","rugarch",TRUE,TRUE,-4.97268579636811,-4.93578927967883,0.482312557294955,0.79319091607713,0.0910526762804996,TRUE,"",0.370000000000005,92,FALSE,"^GSPC"
"arma20_egarch21_norm","rugarch",TRUE,TRUE,-5.01629679713884,-4.9747882158634,0.29421685601983,0.834065209209971,0.00762251027161887,FALSE,"pit_nonuniform",0.299999999999997,,FALSE,"^GSPC"
"arma20_egarch21_std","rugarch",TRUE,TRUE,-5.03638087365834,-4.99026022779674,0.332800850223268,0.632270700805954,0.0537071245748742,TRUE,"",0.450000000000003,26,FALSE,"^GSPC"
"arma20_egarch21_sstd","rugarch",TRUE,TRUE,-5.10046055162119,-5.04972784117343,0.112831926538573,0.551051860948127,0.449063911864669,TRUE,"",0.890000000000001,3,FALSE,"^GSPC"
"arma20_egarch21_ged","rugarch",TRUE,TRUE,-5.02728316580329,-4.98116251994169,0.370026398319418,0.793999811010214,0.0348556581672208,TRUE,"",0.799999999999997,43,FALSE,"^GSPC"
"arma21_sgarch11_norm","rugarch",TRUE,TRUE,-4.93799349994274,-4.90570904783962,0.588554809841077,0.840136511222626,0.0170502122451352,TRUE,"",0.170000000000002,102,FALSE,"^GSPC"
"arma21_sgarch11_std","rugarch",TRUE,TRUE,-4.98641605350654,-4.94951953681726,0.474774176792941,0.726051439135027,0.102863628313665,TRUE,"",0.25,70,FALSE,"^GSPC"
"arma21_sgarch11_sstd","rugarch",TRUE,TRUE,-5.04812878639007,-5.00662020511463,2.89453684509944e-06,0.437294697183537,0.0196959650566615,FALSE,"residual_autocorrelation",0.349999999999994,,FALSE,"^GSPC"
"arma21_sgarch11_ged","rugarch",TRUE,TRUE,-4.97829465552293,-4.94139813883365,0.625002645705345,0.826761110644379,0.0376850691467616,TRUE,"",0.459999999999994,86,FALSE,"^GSPC"
"arma21_egarch11_norm","rugarch",TRUE,TRUE,-4.99488838573783,-4.95799186904855,0.487920604618595,0.841987733800518,0.00481381325371673,FALSE,"pit_nonuniform",0.25,,FALSE,"^GSPC"
"arma21_egarch11_std","rugarch",TRUE,TRUE,-5.02428696221265,-4.98277838093721,0.441020759942104,0.759817686709077,0.109953055207181,TRUE,"",0.440000000000012,39,FALSE,"^GSPC"
"arma21_egarch11_sstd","rugarch",TRUE,TRUE,-5.08128645786529,-5.03516581200368,0.0962335023749058,0.708672458249621,0.511253995881274,TRUE,"",1.03,13,FALSE,"^GSPC"
"arma21_egarch11_ged","rugarch",TRUE,TRUE,-5.01328369321295,-4.97177511193751,0.465796924312647,0.834814617549335,0.0621955087762703,TRUE,"",0.719999999999999,55,FALSE,"^GSPC"
"arma21_sgarch12_norm","rugarch",TRUE,TRUE,-4.93715999661318,-4.9002634799239,0.555870557731897,0.803192695065369,0.0168643083762431,TRUE,"",0.199999999999989,104,FALSE,"^GSPC"
"arma21_sgarch12_std","rugarch",TRUE,TRUE,-4.98491018913313,-4.94340160785769,0.473859983689208,0.728134072108785,0.0860875485008707,TRUE,"",0.580000000000013,80,FALSE,"^GSPC"
"arma21_sgarch12_sstd","rugarch",TRUE,TRUE,-5.04795222512118,-5.00183157925957,3.73331132230703e-06,0.440457361919397,0.0170700043198603,FALSE,"residual_autocorrelation",0.529999999999987,,FALSE,"^GSPC"
"arma21_sgarch12_ged","rugarch",TRUE,TRUE,-4.97324977995785,-4.9317411986824,0.594890789551503,0.785952798032345,0.0834451579896558,TRUE,"",0.469999999999999,93,FALSE,"^GSPC"
"arma21_egarch12_norm","rugarch",TRUE,TRUE,-4.99814946644411,-4.95664088516867,0.432888750898479,0.883391112386718,0.00521339061850028,FALSE,"pit_nonuniform",0.320000000000022,,FALSE,"^GSPC"
"arma21_egarch12_std","rugarch",TRUE,TRUE,-5.0255100410523,-4.9793893951907,0.42516866041572,0.802574942502696,0.083475291402503,TRUE,"",0.5,45,FALSE,"^GSPC"
"arma21_egarch12_sstd","rugarch",TRUE,TRUE,-5.08492895459196,-5.03419624414419,0.131510585112717,0.677662176063409,0.48990951757188,TRUE,"",0.949999999999989,14,FALSE,"^GSPC"
"arma21_egarch12_ged","rugarch",TRUE,TRUE,-5.01452113461529,-4.96840048875368,0.445530887838923,0.882769451141981,0.0617573943040678,TRUE,"",0.889999999999986,56,FALSE,"^GSPC"
"arma21_sgarch21_norm","rugarch",TRUE,TRUE,-4.93614335682177,-4.89924684013249,0.588598724560617,0.840148398340968,0.0170552234841916,TRUE,"",0.189999999999998,105,FALSE,"^GSPC"
"arma21_sgarch21_std","rugarch",TRUE,TRUE,-4.98876594987473,-4.94725736859929,0.515786503228865,0.767092109654938,0.0201631652930031,TRUE,"",0.29000000000002,78,FALSE,"^GSPC"
"arma21_sgarch21_sstd","rugarch",TRUE,TRUE,-5.04627864524391,-5.00015799938231,2.89578722556527e-06,0.437298720011324,0.0197065829313841,FALSE,"residual_autocorrelation",0.430000000000007,,FALSE,"^GSPC"
"arma21_sgarch21_ged","rugarch",TRUE,TRUE,-4.97291044320833,-4.93140186193288,0.599905380821479,0.799066107811373,0.102031244983881,TRUE,"",0.449999999999989,94,FALSE,"^GSPC"
"arma21_egarch21_norm","rugarch",TRUE,TRUE,-5.01790865446704,-4.97178800860543,0.330978663623161,0.869467033637611,0.00895043931636456,FALSE,"pit_nonuniform",0.370000000000005,,FALSE,"^GSPC"
"arma21_egarch21_std","rugarch",TRUE,TRUE,-5.03613069807046,-4.9853979876227,0.361207860225616,0.641066267529945,0.0693976413952861,TRUE,"",0.689999999999998,35,FALSE,"^GSPC"
"arma21_egarch21_sstd","rugarch",TRUE,TRUE,-5.10849299570385,-5.05314822066993,0.00469706859949415,0.310463412796935,0.29860990435323,FALSE,"residual_autocorrelation",1.24000000000001,,FALSE,"^GSPC"
"arma21_egarch21_ged","rugarch",TRUE,TRUE,-5.02737159064686,-4.9766388801991,0.413198399130393,0.820052571541149,0.0441677422927695,TRUE,"",1.25999999999999,50,FALSE,"^GSPC"
