"model","reference_model","confidence","score_type","forecast_dates","common_sample_fraction","observations","mean_loss_difference","ci_lower","ci_upper","p_value_bootstrap","block_length","bootstrap_replications","confidence_interval","seed","status","interpretation","p_value_holm"
"copula_bb1","garch_t",0.95,"quantile_loss",520,1,520,-4.94510139243068e-05,-0.000250476141050243,0.000115682933954865,0.5975,13,1999,0.95,901,"ok","inconclusive",1
"copula_garch","garch_t",0.95,"quantile_loss",520,1,520,-5.1347194610283e-05,-0.000242693495838887,0.00010879448285128,0.5565,13,1999,0.95,902,"ok","inconclusive",1
"copula_gaussian","garch_t",0.95,"quantile_loss",520,1,520,-5.71977420844129e-05,-0.000239472638983758,9.71286586671327e-05,0.502,13,1999,0.95,903,"ok","inconclusive",1
"copula_independence","garch_t",0.95,"quantile_loss",520,1,520,-3.64851903997743e-06,-0.000102172642089252,0.000102410923926265,0.9485,13,1999,0.95,904,"ok","inconclusive",1
"copula_student","garch_t",0.95,"quantile_loss",520,1,520,-5.86625508291264e-05,-0.000248821588818819,9.39633441883448e-05,0.4965,13,1999,0.95,905,"ok","inconclusive",1
"ewma","garch_t",0.95,"quantile_loss",520,1,520,0.000124327511116135,-2.18339614818884e-05,0.000302963048717962,0.1205,13,1999,0.95,906,"ok","inconclusive",1
"filtered_historical","garch_t",0.95,"quantile_loss",520,1,520,0.000167144745067924,1.55331959240972e-05,0.000337058638767165,0.042,13,1999,0.95,907,"ok","higher_loss_marginal_interval",1
"gaussian","garch_t",0.95,"quantile_loss",520,1,520,0.000276382703708477,-1.84654854723489e-05,0.000673907312100903,0.1095,13,1999,0.95,908,"ok","inconclusive",1
"historical","garch_t",0.95,"quantile_loss",520,1,520,0.000270554886361537,-2.62825198585435e-05,0.000627138323497493,0.1035,13,1999,0.95,909,"ok","inconclusive",1
"student_t","garch_t",0.95,"quantile_loss",520,1,520,0.000227392560614962,-6.87843575439545e-05,0.000635010128273775,0.197,13,1999,0.95,910,"ok","inconclusive",1
"copula_bb1","garch_t",0.95,"joint_var_es",520,1,520,-0.0582905537231482,-0.194074831715566,0.0666707619020934,0.3725,13,1999,0.95,911,"ok","inconclusive",1
"copula_garch","garch_t",0.95,"joint_var_es",520,1,520,-0.059839005692712,-0.206475913401849,0.0576432748787618,0.3805,13,1999,0.95,912,"ok","inconclusive",1
"copula_gaussian","garch_t",0.95,"joint_var_es",520,1,520,-0.0615274354786877,-0.189866426975127,0.0454687064186962,0.3035,13,1999,0.95,913,"ok","inconclusive",1
"copula_independence","garch_t",0.95,"joint_var_es",520,1,520,0.0399467684325614,-0.0526086164732415,0.137979185023811,0.427,13,1999,0.95,914,"ok","inconclusive",1
"copula_student","garch_t",0.95,"joint_var_es",520,1,520,-0.0625464374775837,-0.186040774531562,0.0494999697181084,0.311,13,1999,0.95,915,"ok","inconclusive",1
"ewma","garch_t",0.95,"joint_var_es",520,1,520,0.176425510786069,0.00887887361433376,0.39677932775158,0.0785,13,1999,0.95,916,"ok","higher_loss_marginal_interval",1
"filtered_historical","garch_t",0.95,"joint_var_es",520,1,520,0.0908385072531307,0.00377687744505547,0.173047402255778,0.0405,13,1999,0.95,917,"ok","higher_loss_marginal_interval",1
"gaussian","garch_t",0.95,"joint_var_es",520,1,520,0.179321358183955,-0.0624554081802326,0.483968733629758,0.2025,13,1999,0.95,918,"ok","inconclusive",1
"historical","garch_t",0.95,"joint_var_es",520,1,520,0.147932491566104,-0.0638448994647721,0.361692130978877,0.171,13,1999,0.95,919,"ok","inconclusive",1
"student_t","garch_t",0.95,"joint_var_es",520,1,520,0.145210053317899,-0.082530806288669,0.420402040023306,0.232,13,1999,0.95,920,"ok","inconclusive",1
"copula_bb1","garch_t",0.99,"quantile_loss",520,1,520,-5.0344293423151e-05,-0.000176277706972386,5.36670073133251e-05,0.3975,13,1999,0.95,921,"ok","inconclusive",1
"copula_garch","garch_t",0.99,"quantile_loss",520,1,520,-5.54523378837691e-05,-0.000175176053746563,4.61857843797074e-05,0.361,13,1999,0.95,922,"ok","inconclusive",1
"copula_gaussian","garch_t",0.99,"quantile_loss",520,1,520,-6.21353430448215e-05,-0.00017289663883584,2.81573625358793e-05,0.245,13,1999,0.95,923,"ok","inconclusive",1
"copula_independence","garch_t",0.99,"quantile_loss",520,1,520,1.42697351552026e-05,-5.4197890712919e-05,9.80889940375744e-05,0.7145,13,1999,0.95,924,"ok","inconclusive",1
"copula_student","garch_t",0.99,"quantile_loss",520,1,520,-6.12525975843755e-05,-0.000176836099784465,3.34337511837732e-05,0.2745,13,1999,0.95,925,"ok","inconclusive",1
"ewma","garch_t",0.99,"quantile_loss",520,1,520,0.000191385221249832,-1.38644109272431e-05,0.000515734761763381,0.1375,13,1999,0.95,926,"ok","inconclusive",1
"filtered_historical","garch_t",0.99,"quantile_loss",520,1,520,0.000157861206944213,8.0037966086165e-05,0.00023513696026787,5e-04,13,1999,0.95,927,"ok","higher_loss_marginal_interval",0.02
"gaussian","garch_t",0.99,"quantile_loss",520,1,520,0.00023398493750188,-8.34773177094827e-05,0.000782547890448777,0.4095,13,1999,0.95,928,"ok","inconclusive",1
"historical","garch_t",0.99,"quantile_loss",520,1,520,0.000213562190033268,-5.70671500854798e-05,0.000662914949709157,0.2405,13,1999,0.95,929,"ok","inconclusive",1
"student_t","garch_t",0.99,"quantile_loss",520,1,520,0.000219667691531718,-8.35840671932873e-05,0.000706135958075598,0.3045,13,1999,0.95,930,"ok","inconclusive",1
"copula_bb1","garch_t",0.99,"joint_var_es",520,1,520,-0.156850282508588,-0.492111578627264,0.0921958746946416,0.288,13,1999,0.95,931,"ok","inconclusive",1
"copula_garch","garch_t",0.99,"joint_var_es",520,1,520,-0.165636684708105,-0.479295116283799,0.0844331754095706,0.2565,13,1999,0.95,932,"ok","inconclusive",1
"copula_gaussian","garch_t",0.99,"joint_var_es",520,1,520,-0.164101895221241,-0.424579438186458,0.0454746985369599,0.1795,13,1999,0.95,933,"ok","inconclusive",1
"copula_independence","garch_t",0.99,"joint_var_es",520,1,520,0.148822110004081,-0.112855482938117,0.524272969918011,0.3755,13,1999,0.95,934,"ok","inconclusive",1
"copula_student","garch_t",0.99,"joint_var_es",520,1,520,-0.165837924088355,-0.440319177953558,0.0629651074165343,0.2135,13,1999,0.95,935,"ok","inconclusive",1
"ewma","garch_t",0.99,"joint_var_es",520,1,520,0.795280000742435,0.0294045095336674,1.85834534534114,0.076,13,1999,0.95,936,"ok","higher_loss_marginal_interval",1
"filtered_historical","garch_t",0.99,"joint_var_es",520,1,520,0.190514232481277,0.0216043168350983,0.341147810039183,0.0165,13,1999,0.95,937,"ok","higher_loss_marginal_interval",0.6435
"gaussian","garch_t",0.99,"joint_var_es",520,1,520,0.549899939850025,-0.180717332935717,1.83295913384945,0.3675,13,1999,0.95,938,"ok","inconclusive",1
"historical","garch_t",0.99,"joint_var_es",520,1,520,0.280201070566989,-0.160294780818827,0.812698925924591,0.231,13,1999,0.95,939,"ok","inconclusive",1
"student_t","garch_t",0.99,"joint_var_es",520,1,520,0.314788676881124,-0.206483558676582,1.00600212648032,0.3235,13,1999,0.95,940,"ok","inconclusive",1
